age,sex,unit,geo\time	2017 	2016 	2015 	2014 	2013 	2012 	2011 	2010 	2009 	2008 
ADULT,F,NR,AL	93 	97 	121 	109 	89 	82 	84 	96 	113 	101 
ADULT,F,NR,AT	508 	481 	498 	501 	538 	568 	564 	516 	460 	396 
ADULT,F,NR,BA	74 	48 	86 	60 	56 	: 	38 	60 	: 	: 
ADULT,F,NR,BE	: 	: 	525 	: 	456 	440 	437 	411 	389 	441 
ADULT,F,NR,BG	218 	228 	245 	258 	263 	307 	289 	291 	240 	290 
ADULT,F,NR,CH	371 	371 	355 	315 	347 	306 	301 	319 	345 	298 
ADULT,F,NR,CY	33 	41 	31 	30 	25 	43 	35 	45 	31 	42 
ADULT,F,NR,CZ	1631 	1635 	1430 	1164 	954 	1446 	1480 	1282 	999 	1079 
ADULT,F,NR,DE	: 	: 	3609 	3639 	3797 	3943 	3927 	3845 	3857 	3930 
ADULT,F,NR,DK	135 	150 	118 	145 	189 	149 	164 	183 	178 	155 
ADULT,F,NR,EE	140 	177 	153 	: 	154 	162 	181 	193 	149 	190 
ADULT,F,NR,EL	543 	515 	482 	561 	648 	557 	562 	577 	554 	744 
ADULT,F,NR,ES	4269 	4349 	4623 	4874 	4925 	5068 	5157 	5652 	6076 	5950 
ADULT,F,NR,FI	228 	215 	228 	237 	253 	219 	228 	245 	238 	218 
ADULT,F,NR,FR	2363 	2232 	2119 	2073 	2131 	2180 	2167 	1927 	2021 	2093 
ADULT,F,NR,HR	116 	116 	160 	182 	188 	202 	245 	228 	218 	209 
ADULT,F,NR,HU	1268 	1280 	1235 	1332 	1336 	1225 	1216 	1009 	989 	923 
ADULT,F,NR,IE	: 	: 	115 	120 	122 	122 	122 	138 	123 	111 
ADULT,F,NR,IS	8 	8 	6 	3 	6 	13 	8 	8 	7 	9 
ADULT,F,NR,IT	2421 	2285 	2107 	2304 	2694 	2804 	2808 	2930 	2751 	2526 
ADULT,F,NR,LI	4 	4 	3 	4 	3 	3 	3 	5 	9 	4 
ADULT,F,NR,LT	330 	321 	295 	377 	428 	435 	417 	414 	367 	355 
ADULT,F,NR,LU	37 	36 	40 	25 	31 	31 	36 	23 	38 	32 
ADULT,F,NR,LV	290 	349 	355 	343 	347 	416 	416 	421 	402 	380 
ADULT,F,NR,ME	26 	36 	35 	31 	19 	53 	37 	59 	39 	18 
ADULT,F,NR,MK	71 	102 	: 	: 	: 	: 	50 	55 	55 	: 
ADULT,F,NR,MT	: 	37 	41 	37 	44 	47 	35 	34 	28 	29 
ADULT,F,NR,NL	578 	566 	489 	662 	673 	712 	789 	872 	896 	940 
ADULT,F,NR,NO	: 	243 	212 	204 	200 	248 	252 	221 	211 	192 
ADULT,F,NR,PL	2825 	2535 	2336 	2484 	2591 	2638 	2456 	2515 	2434 	2455 
ADULT,F,NR,PT	849 	864 	855 	835 	839 	758 	711 	627 	613 	: 
ADULT,F,NR,RO	1100 	1391 	1427 	1517 	1539 	1405 	1355 	1247 	1194 	1211 
ADULT,F,NR,RS	384 	405 	357 	360 	402 	240 	423 	427 	402 	321 
ADULT,F,NR,SE	348 	346 	327 	332 	330 	362 	390 	394 	374 	392 
ADULT,F,NR,SI	: 	103 	81 	89 	64 	70 	57 	53 	64 	59 
ADULT,F,NR,SK	716 	673 	628 	611 	583 	646 	618 	551 	488 	408 
ADULT,F,NR,TR	: 	8294 	6435 	5755 	5169 	4538 	4539 	4150 	4013 	: 
ADULT,F,NR,UKC-L	: 	3832 	3881 	3901 	3807 	4086 	4146 	4197 	4183 	4339 
ADULT,F,NR,UKM	: 	: 	393 	399 	406 	425 	424 	385 	380 	367 
ADULT,F,NR,UKN	55 	48 	43 	58 	64 	51 	45 	46 	47 	47 
ADULT,F,NR,XK	37 	41 	42 	59 	55 	48 	46 	: 	: 	: 
ADULT,F,P_HTHAB,AL	8.49 	8.59 	10.78 	9.79 	: 	: 	: 	: 	: 	: 
ADULT,F,P_HTHAB,AT	13.65 	13.03 	13.66 	13.82 	14.95 	15.89 	15.87 	14.60 	13.08 	11.33 
ADULT,F,P_HTHAB,BA	: 	: 	: 	: 	: 	: 	1.93 	3.05 	: 	: 
ADULT,F,P_HTHAB,BE	: 	: 	11.42 	: 	10.00 	9.70 	9.71 	9.25 	8.83 	10.10 
ADULT,F,P_HTHAB,BG	7.10 	7.36 	7.84 	8.20 	8.30 	9.63 	9.02 	9.03 	7.41 	8.92 
ADULT,F,P_HTHAB,CH	10.57 	10.83 	10.31 	9.26 	10.33 	9.21 	9.16 	9.81 	10.75 	9.43 
ADULT,F,P_HTHAB,CY	9.41 	12.01 	8.94 	8.40 	7.08 	12.32 	10.16 	13.53 	9.81 	13.57 
ADULT,F,P_HTHAB,CZ	36.72 	36.79 	32.14 	26.16 	21.41 	32.47 	33.33 	28.95 	22.66 	24.65 
ADULT,F,P_HTHAB,DE	: 	: 	10.32 	10.44 	10.92 	11.36 	11.34 	10.94 	10.97 	11.22 
ADULT,F,P_HTHAB,DK	5.82 	6.52 	5.26 	6.41 	8.42 	6.80 	7.41 	8.32 	8.15 	7.14 
ADULT,F,P_HTHAB,EE	24.66 	30.57 	26.73 	: 	26.70 	27.53 	33.58 	35.89 	29.28 	31.96 
ADULT,F,P_HTHAB,EL	11.94 	11.10 	10.35 	12.00 	13.82 	11.84 	11.93 	12.29 	11.85 	15.80 
ADULT,F,P_HTHAB,ES	21.74 	22.20 	23.61 	24.89 	25.06 	25.77 	26.33 	28.99 	31.66 	31.04 
ADULT,F,P_HTHAB,FI	10.06 	9.51 	10.12 	10.56 	11.33 	9.87 	10.33 	11.17 	11.08 	10.06 
ADULT,F,P_HTHAB,FR	8.66 	8.21 	7.83 	7.72 	7.98 	8.20 	8.18 	7.32 	7.71 	8.04 
ADULT,F,P_HTHAB,HR	6.47 	6.43 	8.82 	10.00 	10.31 	11.06 	13.38 	12.42 	11.86 	11.61 
ADULT,F,P_HTHAB,HU	29.58 	29.73 	28.57 	30.76 	30.80 	28.23 	27.85 	23.10 	22.66 	21.70 
ADULT,F,P_HTHAB,IE	: 	: 	6.56 	6.88 	7.00 	6.98 	6.99 	7.93 	7.11 	6.52 
ADULT,F,P_HTHAB,IS	6.35 	6.69 	4.98 	2.45 	5.13 	11.03 	6.84 	6.77 	6.06 	7.81 
ADULT,F,P_HTHAB,IT	9.20 	8.67 	7.98 	8.74 	10.39 	10.87 	10.89 	11.42 	10.77 	9.96 
ADULT,F,P_HTHAB,LI	27.20 	30.89 	23.05 	31.33 	21.97 	23.43 	23.73 	41.40 	70.40 	27.92 
ADULT,F,P_HTHAB,LT	26.03 	24.88 	22.36 	28.39 	31.98 	32.24 	30.54 	29.62 	26.52 	25.17 
ADULT,F,P_HTHAB,LU	15.84 	6.25 	18.06 	11.36 	15.08 	15.07 	17.96 	11.78 	19.47 	16.60 
ADULT,F,P_HTHAB,LV	33.97 	39.71 	39.22 	38.03 	37.96 	44.32 	44.42 	43.57 	41.63 	38.43 
ADULT,F,P_HTHAB,ME	11.04 	14.77 	14.39 	12.79 	8.11 	21.89 	15.18 	24.75 	16.45 	7.49 
ADULT,F,P_HTHAB,MK	8.52 	12.29 	: 	: 	: 	: 	6.17 	6.84 	7.10 	: 
ADULT,F,P_HTHAB,MT	: 	20.88 	22.93 	21.65 	25.90 	28.69 	20.49 	20.81 	17.07 	17.57 
ADULT,F,P_HTHAB,NL	8.32 	8.33 	7.14 	9.71 	9.92 	10.56 	11.77 	13.10 	13.57 	14.33 
ADULT,F,P_HTHAB,NO	: 	12.12 	10.50 	10.24 	10.16 	12.77 	13.15 	11.69 	11.31 	10.43 
ADULT,F,P_HTHAB,PL	17.38 	15.59 	14.37 	15.30 	15.97 	16.30 	15.23 	15.65 	15.08 	15.29 
ADULT,F,P_HTHAB,PT	18.64 	18.95 	18.75 	18.29 	18.34 	16.81 	15.53 	14.00 	13.52 	: 
ADULT,F,P_HTHAB,RO	13.35 	16.76 	17.10 	18.10 	18.29 	16.63 	14.92 	13.73 	13.90 	14.14 
ADULT,F,P_HTHAB,RS	12.72 	13.34 	11.70 	11.75 	13.09 	7.78 	13.67 	13.81 	12.97 	10.34 
ADULT,F,P_HTHAB,SE	8.76 	8.79 	8.36 	8.56 	8.56 	9.47 	10.44 	10.84 	10.07 	10.66 
ADULT,F,P_HTHAB,SI	: 	11.90 	9.46 	10.27 	7.38 	8.22 	6.59 	6.14 	7.54 	6.89 
ADULT,F,P_HTHAB,SK	31.20 	29.35 	27.41 	26.71 	25.53 	28.38 	27.28 	24.41 	21.73 	18.26 
ADULT,F,P_HTHAB,TR	: 	29.52 	23.32 	21.22 	19.41 	17.36 	17.71 	16.96 	16.27 	: 
ADULT,F,P_HTHAB,UKC-L	: 	16.36 	16.71 	16.91 	16.61 	17.94 	18.34 	18.75 	18.82 	19.93 
ADULT,F,P_HTHAB,UKM	: 	: 	17.46 	17.80 	18.19 	19.10 	19.17 	17.55 	17.44 	17.12 
ADULT,F,P_HTHAB,UKN	7.47 	6.54 	5.98 	8.00 	8.88 	7.24 	6.31 	6.74 	6.70 	6.83 
ADULT,F,P_HTHAB,XK	: 	6.79 	: 	: 	: 	: 	5.17 	: 	: 	: 
ADULT,M,NR,AL	5541 	5875 	5771 	5493 	4802 	4439 	4454 	4461 	4466 	2910 
ADULT,M,NR,AT	8202 	8022 	8057 	8111 	8221 	8113 	8060 	7866 	7453 	: 
ADULT,M,NR,BA	2287 	2166 	2212 	2477 	2465 	: 	2193 	2161 	: 	: 
ADULT,M,NR,BE	: 	: 	10345 	: 	11271 	10638 	10499 	10023 	9671 	9298 
ADULT,M,NR,BG	6740 	7090 	7117 	7549 	8493 	9111 	9507 	9015 	8708 	9043 
ADULT,M,NR,CH	6156 	6151 	6124 	6179 	6275 	5743 	5298 	5405 	5206 	4943 
ADULT,M,NR,CY	538 	530 	492 	479 	491 	609 	571 	577 	519 	582 
ADULT,M,NR,CZ	20375 	20761 	19338 	17387 	15578 	20994 	21485 	20410 	: 	: 
ADULT,M,NR,DE	: 	: 	59411 	59589 	62424 	64590 	65616 	66982 	68438 	69863 
ADULT,M,NR,DK	3274 	3242 	3079 	3429 	3890 	3673 	3774 	3743 	3523 	: 
ADULT,M,NR,EE	2563 	2658 	2646 	: 	2936 	3088 	3190 	3157 	3371 	3224 
ADULT,M,NR,EL	9455 	9023 	9116 	11206 	11593 	11318 	11330 	11204 	10300 	11040 
ADULT,M,NR,ES	52604 	53362 	55103 	58099 	59513 	60827 	63108 	65951 	70003 	67608 
ADULT,M,NR,FI	2756 	2848 	2818 	2810 	2960 	3000 	2969 	3046 	3249 	3219 
ADULT,M,NR,FR	65839 	65442 	63851 	63493 	64213 	63668 	61908 	57929 	58288 	: 
ADULT,M,NR,HR	2947 	2947 	3130 	3511 	4081 	4471 	4784 	4898 	: 	: 
ADULT,M,NR,HU	15838 	16071 	15862 	16134 	16027 	15440 	15470 	14758 	13931 	13289 
ADULT,M,NR,IE	: 	: 	3035 	3084 	3588 	3569 	3575 	3560 	3690 	3313 
ADULT,M,NR,IS	123 	116 	140 	151 	141 	139 	140 	159 	136 	129 
ADULT,M,NR,IT	55187 	52368 	50057 	51319 	59842 	62897 	64089 	65031 	62040 	55601 
ADULT,M,NR,LI	69 	68 	50 	49 	65 	57 	68 	70 	149 	74 
ADULT,M,NR,LT	6218 	6436 	6975 	8175 	8744 	9182 	9373 	8567 	8100 	7445 
ADULT,M,NR,LU	645 	681 	649 	597 	621 	634 	594 	651 	659 	725 
ADULT,M,NR,LV	3434 	3851 	4012 	4364 	4743 	5646 	6077 	6271 	6504 	5969 
ADULT,M,NR,ME	1081 	1083 	1091 	1087 	1043 	1269 	1282 	1391 	1451 	: 
ADULT,M,NR,MK	2680 	3111 	: 	: 	: 	: 	2162 	2160 	2160 	: 
ADULT,M,NR,MT	: 	500 	514 	530 	558 	506 	521 	516 	437 	572 
ADULT,M,NR,NL	9876 	9614 	9950 	10811 	11575 	12216 	12631 	12841 	12794 	12877 
ADULT,M,NR,NO	: 	3873 	3777 	3841 	3628 	3720 	3556 	3270 	3043 	3222 
ADULT,M,NR,PL	69528 	67506 	66962 	72858 	74005 	78668 	76011 	75007 	77745 	76764 
ADULT,M,NR,PT	12402 	12724 	13152 	12925 	13143 	12856 	11970 	10986 	10486 	: 
ADULT,M,NR,RO	21955 	25657 	26591 	28323 	31383 	29968 	28889 	26538 	25052 	24570 
ADULT,M,NR,RS	10211 	10028 	9479 	9676 	9389 	9754 	10371 	10535 	10297 	9128 
ADULT,M,NR,SE	5341 	5299 	5346 	5463 	5383 	5922 	6272 	6437 	: 	: 
ADULT,M,NR,SI	: 	1196 	1315 	1428 	1285 	1306 	1207 	1291 	1297 	1200 
ADULT,M,NR,SK	9240 	9246 	9196 	9316 	9071 	10067 	9775 	9340 	8671 	: 
ADULT,M,NR,TR	: 	190031 	169501 	151656 	138420 	129181 	121731 	114551 	109648 	: 
ADULT,M,NR,UKC-L	: 	79137 	79883 	79037 	77212 	79520 	78702 	78151 	75533 	74810 
ADULT,M,NR,UKM	: 	: 	6889 	6800 	6921 	6941 	6974 	6602 	6561 	6438 
ADULT,M,NR,UKN	1356 	1359 	1404 	1651 	1732 	1631 	1624 	1402 	1460 	1460 
ADULT,M,NR,XK	1534 	1548 	1395 	1754 	1680 	1634 	1352 	: 	: 	: 
ADULT,M,P_HTHAB,AL	500.66 	514.20 	510.79 	192.68 	: 	: 	: 	: 	: 	: 
ADULT,M,P_HTHAB,AT	232.61 	230.05 	235.87 	239.28 	245.06 	244.03 	244.39 	240.11 	228.88 	: 
ADULT,M,P_HTHAB,BA	: 	: 	: 	: 	: 	: 	116.81 	115.07 	: 	: 
ADULT,M,P_HTHAB,BE	: 	: 	237.49 	: 	260.66 	247.72 	246.81 	239.76 	233.53 	226.63 
ADULT,M,P_HTHAB,BG	237.67 	247.44 	245.92 	258.64 	288.97 	307.88 	319.24 	301.08 	289.61 	299.67 
ADULT,M,P_HTHAB,CH	181.23 	183.39 	184.87 	189.20 	194.99 	180.93 	169.20 	175.21 	171.26 	165.83 
ADULT,M,P_HTHAB,CY	165.47 	168.52 	153.41 	145.22 	148.26 	185.65 	181.68 	187.31 	173.94 	201.43 
ADULT,M,P_HTHAB,CZ	483.39 	492.70 	458.66 	412.68 	369.09 	498.01 	511.64 	487.18 	: 	: 
ADULT,M,P_HTHAB,DE	: 	: 	179.46 	181.41 	191.11 	198.81 	203.00 	201.83 	206.35 	211.33 
ADULT,M,P_HTHAB,DK	144.80 	144.76 	141.26 	156.65 	182.57 	176.28 	176.67 	176.52 	167.11 	: 
ADULT,M,P_HTHAB,EE	523.96 	546.96 	541.19 	: 	598.26 	637.24 	698.34 	649.43 	709.33 	654.15 
ADULT,M,P_HTHAB,EL	222.24 	211.79 	212.30 	258.96 	265.03 	255.77 	254.37 	251.43 	231.65 	246.10 
ADULT,M,P_HTHAB,ES	283.94 	288.35 	297.44 	312.74 	318.15 	323.63 	336.21 	352.13 	374.99 	366.30 
ADULT,M,P_HTHAB,FI	127.37 	132.29 	131.54 	131.92 	142.50 	142.86 	142.42 	147.20 	158.16 	158.01 
ADULT,M,P_HTHAB,FR	265.65 	264.36 	259.17 	259.70 	264.12 	263.18 	257.04 	241.88 	244.72 	: 
ADULT,M,P_HTHAB,HR	180.88 	179.80 	190.03 	216.52 	246.90 	270.02 	288.48 	294.70 	: 	: 
ADULT,M,P_HTHAB,HU	417.37 	422.08 	416.15 	423.18 	420.30 	405.35 	404.76 	386.31 	365.41 	353.01 
ADULT,M,P_HTHAB,IE	: 	: 	181.53 	184.70 	214.72 	212.93 	212.21 	211.31 	218.87 	198.13 
ADULT,M,P_HTHAB,IS	96.20 	93.31 	116.72 	128.49 	119.05 	116.30 	117.71 	139.25 	117.45 	107.53 
ADULT,M,P_HTHAB,IT	226.72 	215.47 	205.96 	211.59 	252.10 	266.62 	272.20 	277.08 	265.14 	239.02 
ADULT,M,P_HTHAB,LI	511.30 	502.10 	368.95 	387.11 	531.48 	450.88 	573.11 	535.62 	1241.05 	535.11 
ADULT,M,P_HTHAB,LT	592.00 	605.04 	647.46 	754.94 	802.27 	836.16 	842.59 	750.53 	702.49 	643.74 
ADULT,M,P_HTHAB,LU	284.67 	118.18 	289.85 	280.32 	299.30 	307.99 	298.71 	341.28 	351.66 	390.67 
ADULT,M,P_HTHAB,LV	490.85 	532.39 	547.88 	601.30 	633.75 	748.22 	795.77 	804.78 	819.06 	743.63 
ADULT,M,P_HTHAB,ME	469.22 	468.55 	510.08 	464.87 	448.35 	558.44 	556.30 	621.11 	638.89 	: 
ADULT,M,P_HTHAB,MK	332.28 	387.14 	: 	: 	: 	: 	270.21 	271.84 	274.10 	: 
ADULT,M,P_HTHAB,MT	: 	268.31 	284.32 	316.15 	338.65 	306.25 	331.25 	324.42 	278.68 	356.65 
ADULT,M,P_HTHAB,NL	146.72 	144.18 	150.34 	164.50 	177.12 	187.97 	195.77 	200.48 	201.45 	204.47 
ADULT,M,P_HTHAB,NO	: 	189.32 	186.77 	192.97 	188.39 	193.22 	188.21 	176.02 	166.34 	179.38 
ADULT,M,P_HTHAB,PL	467.77 	454.19 	450.49 	490.75 	498.91 	531.67 	515.41 	510.61 	530.77 	526.75 
ADULT,M,P_HTHAB,PT	312.43 	319.78 	335.72 	322.36 	325.83 	316.91 	294.41 	270.46 	258.74 	: 
ADULT,M,P_HTHAB,RO	285.14 	331.59 	341.40 	362.01 	401.40 	383.92 	343.55 	315.33 	315.13 	310.27 
ADULT,M,P_HTHAB,RS	364.65 	356.25 	335.04 	340.78 	329.75 	341.35 	361.91 	375.33 	366.60 	318.51 
ADULT,M,P_HTHAB,SE	135.45 	136.29 	138.84 	143.38 	142.61 	158.31 	169.30 	175.75 	: 	: 
ADULT,M,P_HTHAB,SI	: 	142.93 	160.25 	170.69 	153.74 	159.33 	144.69 	154.60 	157.12 	148.32 
ADULT,M,P_HTHAB,SK	432.34 	433.42 	432.01 	438.78 	428.33 	477.28 	475.11 	447.68 	418.12 	: 
ADULT,M,P_HTHAB,TR	: 	684.29 	621.82 	566.16 	526.21 	499.27 	479.40 	461.09 	450.28 	: 
ADULT,M,P_HTHAB,UKC-L	: 	353.68 	360.51 	360.38 	355.00 	368.38 	367.96 	369.31 	360.49 	362.29 
ADULT,M,P_HTHAB,UKM	: 	: 	338.61 	329.68 	337.43 	340.08 	344.43 	333.17 	330.47 	328.33 
ADULT,M,P_HTHAB,UKN	198.93 	204.36 	205.02 	243.01 	261.12 	243.16 	243.78 	212.09 	223.12 	226.59 
ADULT,M,P_HTHAB,XK	: 	265.94 	: 	: 	: 	: 	149.51 	: 	: 	: 
ADULT,T,NR,AL	5634 	5972 	5892 	5602 	4891 	4521 	4538 	4557 	4579 	4832 
ADULT,T,NR,AT	8710 	8503 	8555 	8612 	8759 	8681 	8624 	8382 	7913 	7249 
ADULT,T,NR,BA	2361 	2214 	2298 	2537 	2521 	: 	2231 	2221 	: 	: 
ADULT,T,NR,BE	: 	: 	10870 	: 	11727 	11078 	10936 	10434 	10060 	9739 
ADULT,T,NR,BG	6958 	7318 	7362 	7807 	8756 	9418 	9796 	9306 	8948 	9333 
ADULT,T,NR,CH	6527 	6522 	6479 	6494 	6622 	6049 	5599 	5724 	5551 	5241 
ADULT,T,NR,CY	571 	571 	523 	509 	516 	652 	606 	622 	550 	624 
ADULT,T,NR,CZ	22085 	22396 	20768 	18551 	16532 	22472 	22965 	21692 	21688 	20289 
ADULT,T,NR,DE	: 	: 	63020 	63228 	66221 	68533 	69543 	70827 	72295 	73793 
ADULT,T,NR,DK	3409 	3392 	3197 	3574 	4079 	3822 	3938 	3926 	3701 	3442 
ADULT,T,NR,EE	2703 	2835 	2799 	3001 	3090 	3250 	3371 	3350 	3520 	3414 
ADULT,T,NR,EL	9998 	9538 	9598 	11767 	12241 	11875 	11892 	11781 	10854 	11784 
ADULT,T,NR,ES	56873 	57711 	59726 	62973 	64438 	65895 	68265 	71603 	: 	: 
ADULT,T,NR,FI	2984 	3063 	3046 	3047 	3213 	3219 	3197 	3291 	3487 	3437 
ADULT,T,NR,FR	68202 	67674 	65970 	65566 	66344 	65848 	64075 	59856 	60309 	61577 
ADULT,T,NR,HR	3063 	3063 	3290 	3693 	4269 	4673 	5029 	5126 	4827 	4484 
ADULT,T,NR,HU	17106 	17351 	17097 	17466 	17363 	16665 	16686 	15767 	14920 	14212 
ADULT,T,NR,IE	: 	: 	3150 	3204 	3710 	3691 	3697 	3698 	3813 	3424 
ADULT,T,NR,IS	131 	124 	146 	154 	147 	152 	148 	167 	146 	138 
ADULT,T,NR,IT	57608 	54653 	52164 	53623 	62536 	65701 	66897 	67961 	64791 	58127 
ADULT,T,NR,LI	73 	72 	53 	53 	68 	60 	71 	75 	149 	78 
ADULT,T,NR,LT	6548 	6757 	7270 	8552 	9172 	9617 	9790 	8981 	8467 	7800 
ADULT,T,NR,LU	682 	717 	689 	622 	652 	665 	630 	674 	697 	757 
ADULT,T,NR,LV	3724 	4200 	4367 	4707 	5090 	6062 	6493 	6692 	6906 	6349 
ADULT,T,NR,ME	1107 	1119 	1126 	1118 	1062 	1322 	1319 	1450 	1490 	1207 
ADULT,T,NR,MK	2751 	3213 	: 	: 	: 	: 	2212 	2157 	2215 	: 
ADULT,T,NR,MT	: 	537 	555 	567 	602 	553 	556 	550 	465 	601 
ADULT,T,NR,NL	10454 	10180 	10439 	11473 	12248 	12928 	13420 	13713 	13690 	13817 
ADULT,T,NR,NO	: 	4116 	3989 	4045 	3828 	3968 	3808 	3491 	3254 	3414 
ADULT,T,NR,PL	72353 	70041 	69298 	75342 	76596 	81306 	78467 	77522 	80179 	79219 
ADULT,T,NR,PT	13251 	13588 	14007 	13760 	13982 	13262 	12321 	11192 	10766 	10455 
ADULT,T,NR,RO	23055 	27048 	28018 	29840 	32922 	31373 	30244 	27785 	26246 	25781 
ADULT,T,NR,RS	10595 	10433 	9836 	10036 	9791 	9994 	10794 	10962 	10699 	9449 
ADULT,T,NR,SE	5689 	5645 	5673 	5795 	5713 	6284 	6662 	6831 	7280 	7058 
ADULT,T,NR,SI	: 	1299 	1396 	1517 	1349 	1376 	1264 	1344 	1361 	1259 
ADULT,T,NR,SK	9956 	9919 	9824 	9927 	9654 	10713 	10393 	9891 	9159 	7999 
ADULT,T,NR,TR	: 	198325 	175936 	157411 	143589 	134019 	126270 	118701 	113661 	: 
ADULT,T,NR,UKC-L	: 	82969 	83764 	82938 	81019 	83606 	82848 	82348 	79716 	79149 
ADULT,T,NR,UKM	7081 	7147 	7282 	7199 	7327 	7366 	7398 	6987 	6941 	6805 
ADULT,T,NR,UKN	1411 	1407 	1447 	1709 	1796 	1682 	1669 	1448 	1507 	1507 
ADULT,T,NR,XK	1571 	1589 	1437 	1813 	1735 	1682 	1398 	: 	: 	: 
ADULT,T,P_HTHAB,AL	255.81 	262.91 	261.55 	251.59 	: 	: 	: 	: 	: 	: 
ADULT,T,P_HTHAB,AT	120.20 	118.43 	121.15 	122.77 	125.97 	125.83 	125.88 	123.08 	116.85 	107.72 
ADULT,T,P_HTHAB,BA	: 	: 	: 	: 	: 	: 	58.05 	57.78 	: 	: 
ADULT,T,P_HTHAB,BE	: 	: 	121.42 	: 	131.99 	125.44 	124.92 	120.99 	117.72 	114.97 
ADULT,T,P_HTHAB,BG	117.79 	122.71 	122.29 	128.68 	145.81 	155.77 	158.48 	149.70 	143.31 	148.90 
ADULT,T,P_HTHAB,CH	94.48 	95.45 	95.90 	97.40 	100.68 	93.10 	87.26 	90.33 	88.84 	85.34 
ADULT,T,P_HTHAB,CY	83.15 	84.05 	77.17 	74.09 	74.69 	95.23 	91.56 	97.07 	88.85 	104.28 
ADULT,T,P_HTHAB,CZ	255.11 	258.67 	239.66 	214.16 	190.53 	263.75 	265.82 	251.72 	252.88 	238.97 
ADULT,T,P_HTHAB,DE	: 	: 	92.56 	93.41 	98.20 	102.01 	103.85 	103.67 	105.82 	108.41 
ADULT,T,P_HTHAB,DK	75.60 	74.72 	71.21 	80.32 	92.45 	87.30 	90.54 	90.90 	86.20 	80.81 
ADULT,T,P_HTHAB,EE	253.63 	269.85 	266.07 	279.90 	291.97 	300.55 	327.62 	324.72 	345.20 	314.00 
ADULT,T,P_HTHAB,EL	112.56 	107.16 	107.21 	130.78 	135.06 	130.05 	129.74 	128.72 	119.02 	128.14 
ADULT,T,P_HTHAB,ES	149.04 	151.50 	156.75 	165.01 	168.00 	171.33 	177.97 	187.33 	: 	: 
ADULT,T,P_HTHAB,FI	67.35 	69.39 	69.29 	69.65 	73.90 	74.52 	74.51 	77.20 	82.35 	81.76 
ADULT,T,P_HTHAB,FR	131.02 	130.31 	127.61 	127.78 	130.03 	129.66 	126.73 	119.02 	120.55 	123.88 
ADULT,T,P_HTHAB,HR	89.50 	90.32 	95.03 	106.40 	122.82 	134.17 	144.13 	146.55 	137.97 	130.14 
ADULT,T,P_HTHAB,HU	211.65 	213.82 	210.19 	214.49 	216.24 	204.53 	203.79 	192.57 	182.47 	177.25 
ADULT,T,P_HTHAB,IE	: 	: 	93.30 	93.83 	108.68 	107.83 	107.78 	107.95 	111.64 	101.48 
ADULT,T,P_HTHAB,IS	50.67 	49.90 	59.68 	62.70 	60.73 	63.41 	62.18 	74.66 	61.20 	58.66 
ADULT,T,P_HTHAB,IT	113.71 	107.89 	102.89 	105.92 	125.92 	133.01 	135.64 	138.34 	132.37 	119.52 
ADULT,T,P_HTHAB,LI	261.57 	237.50 	195.10 	197.56 	247.54 	225.53 	266.11 	273.91 	578.17 	277.03 
ADULT,T,P_HTHAB,LT	280.16 	285.06 	303.32 	360.27 	377.74 	392.95 	395.13 	357.98 	330.86 	303.87 
ADULT,T,P_HTHAB,LU	143.61 	124.43 	153.16 	142.12 	152.87 	159.94 	156.22 	170.72 	181.94 	200.08 
ADULT,T,P_HTHAB,LV	233.71 	259.80 	266.70 	284.30 	303.55 	358.01 	378.74 	383.39 	389.21 	354.40 
ADULT,T,P_HTHAB,ME	228.41 	231.43 	233.47 	236.81 	226.06 	277.63 	283.24 	319.44 	317.93 	259.10 
ADULT,T,P_HTHAB,MK	166.12 	194.66 	: 	: 	: 	: 	140.26 	134.95 	139.71 	: 
ADULT,T,P_HTHAB,MT	: 	146.76 	155.87 	165.02 	177.47 	171.46 	164.87 	167.39 	143.51 	184.67 
ADULT,T,P_HTHAB,NL	76.45 	75.06 	77.49 	85.71 	91.98 	97.62 	102.02 	105.00 	105.67 	107.46 
ADULT,T,P_HTHAB,NO	: 	100.81 	98.72 	101.56 	97.44 	102.61 	100.07 	93.13 	88.06 	93.86 
ADULT,T,P_HTHAB,PL	232.48 	225.07 	222.67 	242.38 	246.62 	262.44 	254.12 	252.05 	260.44 	258.68 
ADULT,T,P_HTHAB,PT	155.43 	159.13 	163.84 	160.48 	162.43 	153.49 	142.55 	129.90 	125.40 	124.87 
ADULT,T,P_HTHAB,RO	144.63 	168.65 	173.64 	184.14 	202.79 	193.01 	176.50 	158.82 	158.69 	156.43 
ADULT,T,P_HTHAB,RS	182.07 	178.35 	167.28 	170.04 	165.41 	168.23 	184.14 	184.34 	179.53 	158.24 
ADULT,T,P_HTHAB,SE	72.93 	72.15 	73.10 	75.35 	74.90 	83.08 	88.87 	92.07 	99.32 	97.35 
ADULT,T,P_HTHAB,SI	: 	77.66 	81.97 	89.07 	79.22 	80.84 	74.38 	79.11 	80.75 	75.62 
ADULT,T,P_HTHAB,SK	224.65 	224.08 	222.27 	225.06 	219.35 	244.28 	238.26 	227.70 	212.01 	186.33 
ADULT,T,P_HTHAB,TR	: 	354.97 	320.72 	292.01 	271.25 	257.65 	247.47 	237.77 	231.87 	: 
ADULT,T,P_HTHAB,UKC-L	: 	181.13 	184.45 	184.32 	181.40 	188.49 	188.34 	188.98 	184.60 	186.57 
ADULT,T,P_HTHAB,UKM	161.56 	164.05 	168.36 	167.28 	171.05 	172.66 	174.61 	166.46 	166.67 	165.78 
ADULT,T,P_HTHAB,UKN	100.52 	98.81 	102.35 	121.72 	128.76 	121.21 	121.04 	107.77 	111.12 	113.14 
ADULT,T,P_HTHAB,XK	: 	133.95 	: 	: 	: 	: 	77.92 	: 	: 	: 
JUVENILE,F,NR,AL	0 	1 	0 	0 	0 	0 	0 	2 	3 	32 
JUVENILE,F,NR,AT	10 	11 	12 	6 	6 	11 	9 	17 	14 	12 
JUVENILE,F,NR,BA	1 	: 	: 	: 	: 	: 	: 	: 	: 	: 
JUVENILE,F,NR,BE	: 	: 	4 	: 	4 	1 	4 	7 	1 	6 
JUVENILE,F,NR,BG	1 	0 	1 	1 	1 	2 	0 	0 	1 	2 
JUVENILE,F,NR,CH	0 	0 	1 	2 	3 	4 	3 	6 	1 	4 
JUVENILE,F,NR,CY	1 	0 	1 	0 	5 	2 	2 	0 	1 	2 
JUVENILE,F,NR,CZ	7 	8 	3 	6 	5 	9 	12 	11 	7 	7 
JUVENILE,F,NR,DK	1 	0 	0 	0 	0 	1 	0 	2 	0 	0 
JUVENILE,F,NR,EE	1 	1 	2 	2 	2 	2 	4 	1 	1 	1 
JUVENILE,F,NR,EL	8 	10 	4 	11 	12 	13 	16 	27 	25 	30 
JUVENILE,F,NR,ES	35 	41 	35 	37 	66 	70 	68 	83 	: 	: 
JUVENILE,F,NR,FI	6 	11 	9 	3 	3 	2 	3 	1 	3 	6 
JUVENILE,F,NR,FR	30 	33 	28 	35 	30 	35 	33 	17 	22 	24 
JUVENILE,F,NR,HR	7 	7 	4 	8 	6 	5 	5 	8 	7 	0 
JUVENILE,F,NR,HU	8 	17 	15 	17 	20 	16 	23 	21 	17 	24 
JUVENILE,F,NR,IE	: 	: 	1 	0 	0 	0 	0 	0 	0 	0 
JUVENILE,F,NR,IS	0 	0 	0 	0 	0 	0 	0 	0 	0 	1 
JUVENILE,F,NR,IT	95 	94 	100 	70 	91 	89 	103 	89 	81 	75 
JUVENILE,F,NR,LI	0 	0 	0 	0 	0 	0 	0 	0 	0 	: 
JUVENILE,F,NR,LT	1 	1 	1 	3 	2 	7 	5 	7 	5 	3 
JUVENILE,F,NR,LU	0 	0 	0 	1 	2 	0 	1 	1 	1 	2 
JUVENILE,F,NR,LV	1 	0 	3 	2 	0 	3 	3 	5 	21 	8 
JUVENILE,F,NR,ME	0 	0 	0 	0 	0 	1 	1 	1 	2 	2 
JUVENILE,F,NR,MK	: 	0 	: 	: 	: 	: 	: 	: 	: 	: 
JUVENILE,F,NR,MT	2 	0 	0 	0 	0 	0 	0 	0 	0 	: 
JUVENILE,F,NR,NL	18 	14 	10 	9 	17 	18 	25 	24 	28 	30 
JUVENILE,F,NR,NO	: 	1 	0 	0 	0 	1 	0 	0 	1 	0 
JUVENILE,F,NR,PL	158 	107 	243 	287 	178 	209 	236 	264 	263 	275 
JUVENILE,F,NR,PT	: 	: 	: 	: 	14 	: 	: 	: 	: 	: 
JUVENILE,F,NR,RO	20 	20 	16 	20 	20 	17 	21 	24 	19 	15 
JUVENILE,F,NR,RS	6 	12 	9 	12 	12 	9 	19 	11 	30 	27 
JUVENILE,F,NR,SE	0 	0 	0 	1 	0 	0 	0 	0 	0 	0 
JUVENILE,F,NR,SI	: 	1 	0 	0 	0 	0 	0 	0 	0 	0 
JUVENILE,F,NR,SK	0 	0 	3 	3 	6 	5 	4 	1 	3 	2 
JUVENILE,F,NR,TR	: 	79 	74 	63 	50 	55 	72 	68 	61 	: 
JUVENILE,F,NR,UKC-L	: 	0 	0 	0 	8 	24 	23 	28 	57 	70 
JUVENILE,F,NR,UKM	: 	: 	15 	26 	26 	34 	44 	50 	44 	44 
JUVENILE,F,NR,UKN	0 	0 	0 	0 	0 	0 	0 	0 	0 	2 
JUVENILE,F,NR,XK	2 	2 	0 	0 	2 	1 	0 	: 	: 	: 
JUVENILE,F,P_HTHAB,AL	0.00 	0.34 	0.00 	0.00 	: 	: 	: 	: 	: 	: 
JUVENILE,F,P_HTHAB,AT	1.35 	1.59 	1.63 	0.83 	0.82 	1.50 	1.21 	2.26 	1.84 	1.56 
JUVENILE,F,P_HTHAB,BE	: 	: 	0.36 	: 	0.36 	0.09 	0.36 	0.65 	0.09 	0.56 
JUVENILE,F,P_HTHAB,BG	0.17 	0.00 	0.17 	0.17 	0.17 	0.35 	0.00 	0.00 	0.17 	0.33 
JUVENILE,F,P_HTHAB,CH	0.00 	0.00 	0.14 	0.28 	0.42 	0.56 	0.42 	0.85 	0.14 	0.57 
JUVENILE,F,P_HTHAB,CY	1.22 	0.00 	1.21 	0.00 	5.87 	2.32 	2.31 	0.00 	1.16 	2.32 
JUVENILE,F,P_HTHAB,CZ	0.75 	0.87 	0.33 	0.67 	0.56 	1.01 	1.33 	1.23 	0.78 	0.78 
JUVENILE,F,P_HTHAB,DK	0.18 	0.00 	0.00 	0.00 	0.00 	0.17 	0.00 	0.34 	0.00 	0.00 
JUVENILE,F,P_HTHAB,EE	0.82 	0.83 	1.68 	1.69 	1.69 	1.81 	3.37 	0.90 	0.83 	0.82 
JUVENILE,F,P_HTHAB,EL	0.88 	1.09 	0.43 	1.17 	1.27 	1.36 	1.67 	2.81 	2.59 	3.09 
JUVENILE,F,P_HTHAB,ES	0.86 	1.01 	0.86 	0.91 	1.63 	1.73 	1.69 	2.07 	: 	: 
JUVENILE,F,P_HTHAB,FI	1.15 	2.10 	1.71 	0.57 	0.57 	0.38 	0.57 	0.19 	0.56 	1.12 
JUVENILE,F,P_HTHAB,FR	0.42 	0.46 	0.39 	0.49 	0.42 	0.49 	0.47 	0.24 	0.31 	0.34 
JUVENILE,F,P_HTHAB,HR	1.97 	1.93 	1.08 	2.12 	1.57 	1.29 	1.28 	2.04 	1.77 	0.00 
JUVENILE,F,P_HTHAB,HU	0.96 	2.04 	1.90 	2.02 	2.34 	1.84 	2.63 	2.36 	1.88 	2.62 
JUVENILE,F,P_HTHAB,IE	: 	: 	0.17 	0.00 	0.00 	0.00 	0.00 	0.00 	0.00 	0.00 
JUVENILE,F,P_HTHAB,IS	0.00 	0.00 	0.00 	0.00 	0.00 	0.00 	0.00 	0.00 	0.00 	2.55 
JUVENILE,F,P_HTHAB,IT	1.98 	1.94 	2.04 	1.42 	1.87 	1.83 	2.11 	1.82 	1.66 	1.54 
JUVENILE,F,P_HTHAB,LI	0.00 	0.00 	0.00 	0.00 	0.00 	0.00 	0.00 	0.00 	0.00 	: 
JUVENILE,F,P_HTHAB,LT	0.40 	0.40 	0.39 	1.16 	0.76 	2.58 	1.78 	2.38 	1.64 	0.95 
JUVENILE,F,P_HTHAB,LU	0.00 	0.00 	0.00 	1.94 	3.72 	0.00 	1.89 	2.03 	1.93 	3.91 
JUVENILE,F,P_HTHAB,LV	0.58 	0.00 	1.77 	1.26 	0.00 	1.75 	1.71 	2.73 	11.06 	4.08 
JUVENILE,F,P_HTHAB,ME	0.00 	0.00 	0.00 	0.00 	0.00 	1.44 	1.43 	1.41 	2.80 	2.77 
JUVENILE,F,P_HTHAB,MK	: 	0.00 	: 	: 	: 	: 	: 	: 	: 	: 
JUVENILE,F,P_HTHAB,MT	5.26 	0.00 	0.00 	0.00 	0.00 	0.00 	0.00 	0.00 	0.00 	: 
JUVENILE,F,P_HTHAB,NL	1.08 	0.84 	0.60 	0.54 	1.01 	1.06 	1.46 	1.40 	1.62 	1.73 
JUVENILE,F,P_HTHAB,NO	: 	0.18 	0.00 	0.00 	0.00 	0.18 	0.00 	0.00 	0.19 	0.00 
JUVENILE,F,P_HTHAB,PL	4.74 	3.21 	7.25 	8.50 	5.22 	6.06 	6.74 	7.45 	7.34 	7.53 
JUVENILE,F,P_HTHAB,PT	: 	: 	: 	: 	1.53 	: 	: 	: 	: 	: 
JUVENILE,F,P_HTHAB,RO	1.11 	1.10 	0.88 	1.10 	1.09 	0.91 	1.10 	1.24 	1.00 	0.74 
JUVENILE,F,P_HTHAB,RS	1.01 	2.02 	1.50 	1.99 	1.96 	1.45 	3.03 	1.66 	4.48 	3.98 
JUVENILE,F,P_HTHAB,SE	0.00 	0.00 	0.00 	0.11 	0.00 	0.00 	0.00 	0.00 	0.00 	0.00 
JUVENILE,F,P_HTHAB,SI	: 	0.57 	0.00 	0.00 	0.00 	0.00 	0.00 	0.00 	0.00 	0.00 
JUVENILE,F,P_HTHAB,SK	0.00 	0.00 	0.61 	0.61 	1.22 	1.01 	0.80 	0.20 	0.58 	0.38 
JUVENILE,F,P_HTHAB,TR	: 	0.71 	0.67 	0.57 	0.45 	0.50 	0.65 	0.62 	0.56 	: 
JUVENILE,F,P_HTHAB,UKC-L	: 	0.00 	0.00 	0.00 	0.14 	0.41 	0.39 	0.48 	0.98 	1.21 
JUVENILE,F,P_HTHAB,UKM	: 	: 	2.98 	5.15 	5.14 	6.70 	8.64 	9.76 	8.55 	8.55 
JUVENILE,F,P_HTHAB,UKN	0.00 	0.00 	0.00 	0.00 	0.00 	0.00 	0.00 	0.00 	0.00 	0.96 
JUVENILE,F,P_HTHAB,XK	: 	0.70 	: 	: 	: 	: 	: 	: 	: 	: 
JUVENILE,M,NR,AL	40 	58 	89 	87 	107 	97 	121 	98 	85 	55 
JUVENILE,M,NR,AT	132 	105 	98 	74 	97 	113 	137 	141 	172 	: 
JUVENILE,M,NR,BA	23 	: 	: 	: 	: 	: 	: 	: 	: 	: 
JUVENILE,M,NR,BE	: 	: 	10 	: 	86 	102 	98 	83 	59 	64 
JUVENILE,M,NR,BG	29 	27 	45 	62 	77 	73 	89 	73 	57 	73 
JUVENILE,M,NR,CH	37 	19 	18 	23 	27 	50 	26 	39 	53 	66 
JUVENILE,M,NR,CY	20 	15 	23 	23 	32 	24 	14 	14 	27 	26 
JUVENILE,M,NR,CZ	67 	77 	95 	101 	108 	163 	193 	197 	: 	: 
JUVENILE,M,NR,DK	8 	16 	6 	9 	12 	6 	9 	15 	20 	: 
JUVENILE,M,NR,EE	19 	28 	22 	31 	31 	34 	25 	42 	33 	51 
JUVENILE,M,NR,EL	5 	12 	9 	20 	440 	587 	571 	541 	485 	501 
JUVENILE,M,NR,ES	580 	609 	634 	699 	891 	1082 	1255 	1402 	: 	: 
JUVENILE,M,NR,FI	92 	82 	80 	98 	79 	85 	68 	72 	99 	87 
JUVENILE,M,NR,FR	742 	725 	680 	669 	701 	689 	679 	671 	647 	651 
JUVENILE,M,NR,HR	38 	38 	47 	62 	77 	63 	50 	31 	: 	: 
JUVENILE,M,NR,HU	229 	290 	337 	407 	458 	498 	501 	540 	495 	507 
JUVENILE,M,NR,IE	: 	: 	59 	12 	8 	19 	23 	23 	55 	46 
JUVENILE,M,NR,IS	0 	0 	0 	0 	0 	1 	2 	0 	2 	1 
JUVENILE,M,NR,IT	1335 	1231 	1146 	1052 	1221 	1312 	1325 	1213 	1126 	1082 
JUVENILE,M,NR,LI	0 	0 	0 	0 	0 	0 	0 	1 	0 	: 
JUVENILE,M,NR,LT	50 	57 	84 	81 	87 	105 	125 	151 	183 	197 
JUVENILE,M,NR,LU	2 	7 	2 	3 	2 	1 	6 	6 	4 	3 
JUVENILE,M,NR,LV	40 	43 	39 	36 	46 	52 	65 	83 	168 	240 
JUVENILE,M,NR,ME	12 	4 	5 	5 	2 	8 	8 	6 	7 	: 
JUVENILE,M,NR,MK	30 	18 	: 	: 	: 	: 	63 	65 	70 	62 
JUVENILE,M,NR,MT	16 	16 	14 	14 	13 	32 	28 	34 	29 	: 
JUVENILE,M,NR,NL	402 	407 	401 	452 	456 	527 	524 	631 	646 	763 
JUVENILE,M,NR,NO	: 	2 	5 	3 	8 	15 	10 	8 	7 	5 
JUVENILE,M,NR,PL	1969 	2061 	3154 	3716 	3391 	3944 	4129 	4586 	5307 	5484 
JUVENILE,M,NR,PT	: 	: 	: 	: 	288 	: 	: 	: 	: 	: 
JUVENILE,M,NR,RO	375 	387 	300 	296 	492 	427 	429 	435 	451 	416 
JUVENILE,M,NR,RS	206 	227 	219 	240 	228 	223 	257 	238 	246 	225 
JUVENILE,M,NR,SE	24 	13 	18 	11 	10 	12 	7 	15 	: 	: 
JUVENILE,M,NR,SI	: 	8 	3 	5 	11 	1 	9 	7 	4 	: 
JUVENILE,M,NR,SK	72 	76 	86 	90 	93 	132 	128 	139 	154 	: 
JUVENILE,M,NR,TR	: 	2323 	2247 	1923 	1829 	1946 	2262 	2045 	2501 	: 
JUVENILE,M,NR,UKC-L	: 	635 	680 	740 	857 	1256 	1557 	1628 	2063 	2455 
JUVENILE,M,NR,UKM	: 	: 	447 	506 	540 	656 	737 	816 	979 	977 
JUVENILE,M,NR,UKN	0 	0 	0 	0 	0 	0 	4 	17 	18 	39 
JUVENILE,M,NR,XK	36 	57 	41 	41 	39 	54 	43 	: 	: 	: 
JUVENILE,M,P_HTHAB,AL	11.85 	18.19 	26.83 	25.09 	: 	: 	: 	: 	: 	: 
JUVENILE,M,P_HTHAB,AT	16.79 	13.49 	12.58 	9.66 	12.61 	14.61 	17.55 	17.84 	21.48 	: 
JUVENILE,M,P_HTHAB,BE	: 	: 	0.86 	: 	7.39 	8.81 	8.54 	7.33 	5.23 	5.71 
JUVENILE,M,P_HTHAB,BG	4.72 	4.41 	7.40 	10.23 	12.71 	12.02 	14.57 	11.78 	9.06 	11.36 
JUVENILE,M,P_HTHAB,CH	4.77 	2.48 	2.36 	3.04 	3.60 	6.68 	3.48 	5.23 	7.10 	8.85 
JUVENILE,M,P_HTHAB,CY	23.23 	17.33 	28.13 	26.24 	35.61 	26.39 	15.33 	15.29 	29.50 	28.42 
JUVENILE,M,P_HTHAB,CZ	6.80 	7.92 	9.89 	10.64 	11.44 	17.29 	20.36 	20.81 	: 	: 
JUVENILE,M,P_HTHAB,DK	1.34 	2.67 	1.00 	1.49 	1.97 	0.97 	1.45 	2.41 	3.21 	: 
JUVENILE,M,P_HTHAB,EE	14.81 	22.08 	17.49 	24.74 	24.74 	27.13 	21.00 	35.11 	25.95 	39.48 
JUVENILE,M,P_HTHAB,EL	0.52 	1.25 	0.93 	2.15 	44.35 	58.77 	57.14 	53.84 	48.03 	49.47 
JUVENILE,M,P_HTHAB,ES	13.47 	14.16 	14.74 	16.26 	20.67 	25.14 	29.33 	32.96 	: 	: 
JUVENILE,M,P_HTHAB,FI	16.77 	14.95 	14.56 	17.81 	14.33 	15.38 	12.28 	12.96 	17.76 	15.55 
JUVENILE,M,P_HTHAB,FR	9.85 	9.56 	8.99 	8.93 	9.40 	9.29 	9.20 	9.13 	8.83 	8.90 
JUVENILE,M,P_HTHAB,HR	10.11 	10.45 	11.99 	15.55 	19.08 	15.50 	12.18 	7.51 	: 	: 
JUVENILE,M,P_HTHAB,HU	26.02 	32.92 	38.11 	45.69 	50.74 	54.39 	54.34 	57.65 	52.07 	52.59 
JUVENILE,M,P_HTHAB,IE	: 	: 	9.59 	1.97 	1.33 	3.20 	3.93 	3.99 	9.70 	8.29 
JUVENILE,M,P_HTHAB,IS	0.00 	0.00 	0.00 	0.00 	0.00 	2.59 	4.87 	0.00 	4.85 	2.44 
JUVENILE,M,P_HTHAB,IT	26.17 	23.89 	22.05 	20.11 	23.70 	25.55 	25.63 	24.78 	21.77 	21.02 
JUVENILE,M,P_HTHAB,LI	0.00 	0.00 	0.00 	0.00 	0.00 	0.00 	0.00 	29.17 	0.00 	: 
JUVENILE,M,P_HTHAB,LT	20.13 	21.44 	31.23 	29.66 	31.19 	36.79 	42.40 	48.91 	57.13 	59.56 
JUVENILE,M,P_HTHAB,LU	3.36 	1.21 	3.64 	5.52 	3.52 	1.89 	10.77 	11.51 	7.76 	5.55 
JUVENILE,M,P_HTHAB,LV	21.82 	23.76 	21.80 	20.29 	25.82 	28.85 	35.27 	43.29 	84.61 	117.45 
JUVENILE,M,P_HTHAB,ME	17.72 	5.54 	6.87 	6.82 	2.70 	11.95 	10.57 	7.82 	9.09 	: 
JUVENILE,M,P_HTHAB,MK	13.92 	8.29 	: 	: 	: 	: 	27.30 	27.75 	29.32 	25.48 
JUVENILE,M,P_HTHAB,MT	39.58 	42.27 	35.27 	35.96 	37.22 	81.13 	70.00 	83.32 	69.76 	: 
JUVENILE,M,P_HTHAB,NL	23.06 	23.27 	22.86 	25.65 	25.73 	29.54 	29.25 	35.09 	35.78 	42.06 
JUVENILE,M,P_HTHAB,NO	: 	0.35 	0.87 	0.52 	1.39 	2.62 	1.75 	1.41 	1.24 	0.89 
JUVENILE,M,P_HTHAB,PL	56.05 	58.65 	89.27 	104.45 	94.38 	108.62 	112.14 	123.20 	140.86 	142.90 
JUVENILE,M,P_HTHAB,PT	: 	: 	: 	: 	29.94 	: 	: 	: 	: 	: 
JUVENILE,M,P_HTHAB,RO	19.71 	20.24 	15.64 	15.40 	25.32 	21.66 	21.30 	21.37 	22.52 	19.53 
JUVENILE,M,P_HTHAB,RS	32.77 	35.95 	34.48 	37.47 	35.09 	33.95 	38.63 	34.07 	34.83 	31.47 
JUVENILE,M,P_HTHAB,SE	2.24 	1.25 	1.76 	1.10 	1.01 	1.22 	0.71 	1.52 	: 	: 
JUVENILE,M,P_HTHAB,SI	: 	4.29 	1.62 	2.71 	6.00 	0.55 	4.99 	3.91 	2.24 	: 
JUVENILE,M,P_HTHAB,SK	14.00 	14.82 	16.74 	17.45 	17.95 	25.26 	24.21 	25.89 	28.28 	: 
JUVENILE,M,P_HTHAB,TR	: 	19.79 	19.16 	16.45 	15.70 	16.69 	19.41 	17.60 	21.65 	: 
JUVENILE,M,P_HTHAB,UKC-L	: 	10.04 	10.83 	11.86 	13.83 	20.41 	25.45 	26.75 	34.01 	40.59 
JUVENILE,M,P_HTHAB,UKM	: 	: 	84.75 	95.67 	101.77 	123.17 	137.96 	152.07 	181.95 	181.54 
JUVENILE,M,P_HTHAB,UKN	0.00 	0.00 	0.00 	0.00 	0.00 	0.00 	1.81 	7.71 	8.17 	17.71 
JUVENILE,M,P_HTHAB,XK	: 	18.92 	: 	: 	: 	: 	: 	: 	: 	: 
JUVENILE,T,NR,AL	40 	59 	89 	87 	107 	97 	121 	100 	88 	87 
JUVENILE,T,NR,AT	142 	116 	110 	80 	103 	124 	146 	158 	186 	170 
JUVENILE,T,NR,BA	24 	11 	21 	28 	39 	: 	30 	31 	: 	: 
JUVENILE,T,NR,BE	: 	: 	14 	: 	90 	103 	102 	90 	60 	70 
JUVENILE,T,NR,BG	30 	27 	46 	63 	78 	75 	89 	73 	58 	75 
JUVENILE,T,NR,CH	37 	19 	19 	25 	30 	54 	29 	45 	54 	72 
JUVENILE,T,NR,CY	21 	15 	24 	23 	37 	26 	16 	14 	28 	28 
JUVENILE,T,NR,CZ	74 	85 	98 	107 	113 	172 	205 	208 	165 	213 
JUVENILE,T,NR,DK	9 	16 	6 	9 	12 	7 	9 	17 	20 	9 
JUVENILE,T,NR,EE	20 	29 	24 	33 	33 	36 	29 	43 	34 	52 
JUVENILE,T,NR,EL	13 	22 	13 	31 	452 	600 	587 	568 	510 	531 
JUVENILE,T,NR,ES	615 	650 	669 	736 	957 	1152 	1323 	1485 	: 	: 
JUVENILE,T,NR,FI	98 	93 	89 	101 	82 	87 	71 	73 	102 	93 
JUVENILE,T,NR,FR	772 	758 	708 	704 	731 	724 	712 	692 	669 	675 
JUVENILE,T,NR,HR	45 	45 	51 	70 	83 	68 	55 	39 	64 	41 
JUVENILE,T,NR,HU	237 	307 	352 	424 	478 	514 	524 	561 	512 	531 
JUVENILE,T,NR,IE	: 	: 	60 	12 	8 	19 	23 	23 	55 	46 
JUVENILE,T,NR,IS	0 	0 	0 	0 	0 	1 	2 	0 	2 	2 
JUVENILE,T,NR,IT	1430 	1325 	1246 	1122 	1312 	1401 	1428 	1302 	1207 	1157 
JUVENILE,T,NR,LI	0 	0 	0 	0 	0 	0 	0 	1 	0 	: 
JUVENILE,T,NR,LT	51 	58 	85 	84 	89 	112 	130 	158 	188 	200 
JUVENILE,T,NR,LU	2 	7 	2 	4 	4 	1 	7 	7 	5 	5 
JUVENILE,T,NR,LV	41 	43 	42 	38 	46 	55 	68 	88 	189 	248 
JUVENILE,T,NR,ME	12 	4 	5 	5 	2 	9 	9 	7 	9 	9 
JUVENILE,T,NR,MK	30 	18 	: 	: 	: 	: 	63 	65 	70 	62 
JUVENILE,T,NR,MT	18 	16 	14 	14 	13 	32 	28 	34 	29 	31 
JUVENILE,T,NR,NL	420 	421 	411 	461 	473 	545 	549 	655 	674 	793 
JUVENILE,T,NR,NO	: 	3 	5 	3 	8 	16 	10 	8 	8 	5 
JUVENILE,T,NR,PL	2127 	2168 	3397 	4003 	3569 	4153 	4365 	4850 	5570 	5759 
JUVENILE,T,NR,PT	336 	329 	366 	438 	553 	613 	634 	547 	521 	352 
JUVENILE,T,NR,RO	395 	407 	316 	316 	512 	444 	450 	459 	470 	431 
JUVENILE,T,NR,RS	212 	239 	228 	252 	240 	232 	276 	249 	276 	252 
JUVENILE,T,NR,SE	24 	13 	18 	12 	10 	12 	7 	15 	6 	15 
JUVENILE,T,NR,SI	: 	9 	3 	5 	11 	1 	9 	7 	4 	12 
JUVENILE,T,NR,SK	72 	76 	89 	93 	99 	137 	132 	140 	157 	167 
JUVENILE,T,NR,TR	: 	2402 	2321 	1986 	1879 	2001 	2334 	2113 	2679 	: 
JUVENILE,T,NR,UKC-L	: 	635 	680 	740 	865 	1280 	1580 	1656 	2120 	2525 
JUVENILE,T,NR,UKM	349 	432 	462 	532 	566 	690 	780 	866 	1023 	1021 
JUVENILE,T,NR,UKN	0 	0 	0 	0 	0 	0 	4 	17 	18 	41 
JUVENILE,T,NR,XK	38 	59 	41 	41 	41 	55 	43 	: 	: 	: 
JUVENILE,T,P_HTHAB,AL	6.14 	9.60 	13.91 	13.00 	: 	: 	: 	: 	: 	: 
JUVENILE,T,P_HTHAB,AT	9.31 	7.68 	7.26 	5.36 	6.87 	8.22 	9.58 	10.25 	11.90 	10.77 
JUVENILE,T,P_HTHAB,BE	: 	: 	0.61 	: 	3.96 	4.55 	4.54 	4.06 	2.72 	3.19 
JUVENILE,T,P_HTHAB,BG	2.51 	2.27 	3.89 	5.34 	6.62 	6.35 	7.49 	6.06 	4.74 	6.00 
JUVENILE,T,P_HTHAB,CH	2.45 	1.27 	1.28 	1.70 	2.05 	3.71 	1.99 	3.11 	3.72 	4.97 
JUVENILE,T,P_HTHAB,CY	12.50 	8.88 	15.00 	13.46 	21.14 	14.66 	9.00 	7.85 	15.74 	15.74 
JUVENILE,T,P_HTHAB,CZ	3.85 	4.48 	5.23 	5.78 	6.14 	9.36 	11.10 	11.28 	8.92 	11.50 
JUVENILE,T,P_HTHAB,DK	0.77 	1.37 	0.51 	0.76 	1.01 	0.58 	0.74 	1.40 	1.64 	0.74 
JUVENILE,T,P_HTHAB,EE	8.01 	11.74 	9.81 	13.54 	13.54 	14.76 	12.61 	18.48 	14.44 	20.71 
JUVENILE,T,P_HTHAB,EL	0.69 	1.17 	0.68 	1.61 	23.29 	30.69 	29.99 	28.88 	25.82 	26.75 
JUVENILE,T,P_HTHAB,ES	7.36 	7.79 	8.01 	8.82 	11.43 	13.78 	15.92 	17.97 	: 	: 
JUVENILE,T,P_HTHAB,FI	9.14 	8.67 	8.28 	9.38 	7.60 	8.04 	6.55 	6.71 	9.34 	8.49 
JUVENILE,T,P_HTHAB,FR	5.24 	5.11 	4.79 	4.81 	5.01 	5.00 	4.94 	4.82 	4.67 	4.72 
JUVENILE,T,P_HTHAB,HR	6.15 	6.03 	6.68 	9.02 	10.56 	8.57 	6.87 	4.84 	7.89 	5.02 
JUVENILE,T,P_HTHAB,HU	13.83 	17.89 	20.45 	24.45 	27.20 	28.81 	29.14 	30.71 	27.61 	28.23 
JUVENILE,T,P_HTHAB,IE	: 	: 	4.98 	1.01 	0.68 	1.64 	2.02 	2.05 	4.97 	4.25 
JUVENILE,T,P_HTHAB,IS	0.00 	0.00 	0.00 	0.00 	0.00 	1.25 	2.49 	0.00 	2.47 	2.49 
JUVENILE,T,P_HTHAB,IT	14.43 	13.24 	12.34 	11.05 	13.09 	14.01 	14.22 	12.94 	12.01 	11.56 
JUVENILE,T,P_HTHAB,LI	0.00 	0.00 	0.00 	0.00 	0.00 	0.00 	0.00 	14.88 	0.00 	: 
JUVENILE,T,P_HTHAB,LT	9.99 	11.19 	16.21 	15.77 	16.37 	20.13 	22.61 	26.22 	30.09 	30.99 
JUVENILE,T,P_HTHAB,LU	1.83 	1.21 	1.77 	3.57 	3.62 	0.92 	6.81 	6.53 	4.71 	4.75 
JUVENILE,T,P_HTHAB,LV	11.50 	12.21 	12.05 	10.99 	13.26 	15.64 	18.88 	23.47 	48.66 	61.97 
JUVENILE,T,P_HTHAB,ME	9.20 	2.88 	3.58 	3.55 	1.40 	6.24 	6.18 	4.74 	6.06 	6.02 
JUVENILE,T,P_HTHAB,MK	7.62 	4.29 	: 	: 	: 	: 	14.09 	14.31 	15.11 	13.13 
JUVENILE,T,P_HTHAB,MT	22.95 	20.59 	19.25 	18.50 	18.00 	41.71 	36.01 	42.89 	35.88 	37.64 
JUVENILE,T,P_HTHAB,NL	12.34 	12.32 	11.99 	13.39 	13.66 	15.63 	15.68 	18.64 	19.09 	22.36 
JUVENILE,T,P_HTHAB,NO	: 	0.27 	0.44 	0.27 	0.75 	1.43 	0.90 	0.72 	0.72 	0.45 
JUVENILE,T,P_HTHAB,PL	31.07 	31.66 	49.34 	57.73 	50.95 	58.64 	60.76 	66.75 	75.79 	76.91 
JUVENILE,T,P_HTHAB,PT	18.87 	18.26 	20.05 	23.64 	29.42 	32.23 	32.86 	27.94 	26.34 	17.67 
JUVENILE,T,P_HTHAB,RO	10.67 	10.93 	8.46 	8.44 	13.52 	11.56 	11.46 	11.57 	12.05 	10.37 
JUVENILE,T,P_HTHAB,RS	17.37 	19.49 	18.47 	20.24 	19.02 	18.18 	21.36 	18.32 	20.06 	18.09 
JUVENILE,T,P_HTHAB,SE	1.16 	0.64 	0.91 	0.61 	0.52 	0.63 	0.36 	0.78 	0.31 	0.78 
JUVENILE,T,P_HTHAB,SI	: 	2.48 	0.83 	1.40 	3.09 	0.28 	2.57 	2.01 	1.15 	3.48 
JUVENILE,T,P_HTHAB,SK	7.18 	7.60 	8.89 	9.25 	9.81 	13.45 	12.81 	13.38 	14.78 	15.42 
JUVENILE,T,P_HTHAB,TR	: 	10.50 	10.16 	8.73 	8.28 	8.81 	10.28 	9.33 	11.91 	: 
JUVENILE,T,P_HTHAB,UKC-L	: 	5.14 	5.55 	6.08 	7.15 	10.65 	13.23 	13.93 	17.88 	21.37 
JUVENILE,T,P_HTHAB,UKM	33.85 	41.88 	44.80 	51.46 	54.61 	66.34 	74.73 	82.55 	97.20 	97.00 
JUVENILE,T,P_HTHAB,UKN	0.00 	0.00 	0.00 	0.00 	0.00 	0.00 	0.93 	3.95 	4.44 	9.54 
JUVENILE,T,P_HTHAB,XK	: 	10.08 	: 	: 	: 	: 	: 	: 	: 	: 
TOTAL,F,NR,AL	93 	98 	121 	109 	89 	82 	84 	96 	113 	133 
TOTAL,F,NR,AT	518 	492 	498 	507 	544 	568 	564 	516 	460 	408 
TOTAL,F,NR,BA	75 	: 	86 	60 	56 	: 	38 	60 	: 	: 
TOTAL,F,NR,BE	: 	: 	529 	: 	460 	441 	441 	418 	390 	447 
TOTAL,F,NR,BG	219 	228 	246 	259 	264 	307 	289 	291 	240 	292 
TOTAL,F,NR,CH	371 	371 	356 	317 	350 	306 	301 	319 	345 	302 
TOTAL,F,NR,CY	34 	41 	32 	30 	30 	43 	35 	45 	31 	44 
TOTAL,F,NR,CZ	1638 	1643 	1433 	1170 	959 	1446 	1480 	1282 	999 	1086 
TOTAL,F,NR,DE	: 	: 	3609 	3639 	3797 	3943 	3927 	3845 	3857 	: 
TOTAL,F,NR,DK	136 	150 	118 	145 	189 	149 	164 	183 	178 	155 
TOTAL,F,NR,EE	141 	178 	155 	: 	156 	162 	181 	193 	149 	191 
TOTAL,F,NR,EL	551 	515 	486 	572 	660 	557 	562 	577 	554 	774 
TOTAL,F,NR,ES	4304 	4390 	4658 	4911 	4991 	5068 	5157 	5652 	6076 	: 
TOTAL,F,NR,FI	234 	226 	237 	240 	256 	219 	228 	245 	238 	224 
TOTAL,F,NR,FR	2393 	2265 	2147 	2108 	2161 	2180 	2167 	1927 	2021 	2117 
TOTAL,F,NR,HR	123 	123 	164 	190 	194 	202 	245 	228 	218 	209 
TOTAL,F,NR,HU	1276 	1280 	1250 	1349 	1356 	1225 	1216 	1009 	989 	947 
TOTAL,F,NR,IE	: 	: 	116 	120 	122 	122 	122 	138 	123 	111 
TOTAL,F,NR,IS	8 	8 	6 	3 	6 	13 	8 	8 	7 	10 
TOTAL,F,NR,IT	2516 	2379 	2207 	2374 	2785 	2804 	2808 	2930 	2751 	2601 
TOTAL,F,NR,LI	4 	4 	3 	4 	3 	3 	3 	5 	9 	: 
TOTAL,F,NR,LT	331 	322 	296 	380 	430 	435 	417 	414 	367 	358 
TOTAL,F,NR,LU	37 	36 	40 	26 	33 	31 	36 	23 	38 	34 
TOTAL,F,NR,LV	291 	349 	358 	345 	347 	416 	416 	421 	402 	388 
TOTAL,F,NR,ME	26 	36 	35 	31 	19 	53 	37 	59 	39 	20 
TOTAL,F,NR,MK	71 	102 	: 	: 	: 	: 	50 	55 	55 	: 
TOTAL,F,NR,MT	2 	37 	41 	37 	44 	47 	35 	34 	28 	: 
TOTAL,F,NR,NL	596 	580 	499 	671 	690 	712 	789 	872 	896 	970 
TOTAL,F,NR,NO	: 	244 	212 	204 	200 	248 	252 	221 	211 	192 
TOTAL,F,NR,PL	2983 	2642 	2579 	2771 	2769 	2638 	2456 	2515 	2434 	2730 
TOTAL,F,NR,PT	849 	: 	855 	835 	839 	758 	711 	627 	613 	: 
TOTAL,F,NR,RO	1120 	1411 	1443 	1537 	1559 	1405 	1355 	1247 	1194 	1226 
TOTAL,F,NR,RS	390 	417 	366 	372 	414 	240 	423 	427 	402 	348 
TOTAL,F,NR,SE	348 	346 	327 	333 	330 	362 	390 	394 	374 	392 
TOTAL,F,NR,SI	: 	104 	81 	89 	64 	70 	57 	53 	64 	59 
TOTAL,F,NR,SK	716 	673 	631 	614 	589 	646 	618 	551 	488 	410 
TOTAL,F,NR,TR	: 	8373 	6509 	5818 	5219 	4538 	4539 	4150 	4013 	: 
TOTAL,F,NR,UKC-L	: 	3832 	3881 	3901 	3815 	4086 	4146 	4197 	4183 	4409 
TOTAL,F,NR,UKM	: 	: 	408 	425 	432 	425 	424 	385 	380 	411 
TOTAL,F,NR,UKN	55 	48 	43 	58 	64 	51 	45 	46 	47 	49 
TOTAL,F,NR,XK	39 	43 	42 	59 	57 	48 	46 	: 	: 	: 
TOTAL,F,P_HTHAB,AL	6.54 	6.88 	8.46 	7.59 	: 	: 	5.96 	: 	7.25 	8.41 
TOTAL,F,P_HTHAB,AT	11.61 	11.12 	11.37 	11.65 	12.57 	13.18 	13.13 	12.04 	10.75 	9.57 
TOTAL,F,P_HTHAB,BA	: 	: 	: 	: 	: 	: 	1.93 	3.05 	: 	: 
TOTAL,F,P_HTHAB,BE	: 	: 	9.26 	: 	8.11 	7.81 	7.88 	7.56 	7.11 	8.21 
TOTAL,F,P_HTHAB,BG	6.00 	6.20 	6.65 	6.96 	7.06 	8.16 	7.64 	7.64 	6.26 	7.57 
TOTAL,F,P_HTHAB,CH	8.74 	8.82 	8.55 	7.70 	8.60 	7.59 	7.54 	8.07 	8.81 	7.81 
TOTAL,F,P_HTHAB,CY	7.76 	9.41 	7.35 	6.81 	6.74 	9.71 	8.12 	10.73 	7.62 	11.11 
TOTAL,F,P_HTHAB,CZ	30.46 	30.61 	26.73 	21.87 	17.92 	27.04 	27.72 	24.07 	18.82 	20.57 
TOTAL,F,P_HTHAB,DE	: 	: 	8.73 	8.83 	9.23 	9.59 	9.56 	9.22 	9.22 	: 
TOTAL,F,P_HTHAB,DK	4.71 	5.23 	4.14 	5.11 	6.69 	5.30 	5.85 	6.56 	6.40 	5.61 
TOTAL,F,P_HTHAB,EE	20.20 	25.46 	22.14 	: 	22.16 	22.91 	25.49 	27.09 	20.86 	26.66 
TOTAL,F,P_HTHAB,EL	9.93 	9.26 	8.69 	10.19 	11.71 	9.84 	9.91 	10.20 	9.83 	13.62 
TOTAL,F,P_HTHAB,ES	18.17 	18.58 	19.72 	20.78 	21.05 	21.37 	21.84 	24.05 	26.01 	: 
TOTAL,F,P_HTHAB,FI	8.38 	8.11 	8.53 	8.66 	9.28 	7.97 	8.33 	8.99 	8.77 	8.28 
TOTAL,F,P_HTHAB,FR	6.94 	6.58 	6.26 	6.20 	6.39 	6.47 	6.47 	5.78 	6.09 	6.41 
TOTAL,F,P_HTHAB,HR	5.72 	5.67 	7.50 	8.65 	8.80 	9.13 	11.03 	10.23 	9.76 	9.35 
TOTAL,F,P_HTHAB,HU	24.91 	24.89 	24.23 	26.07 	26.11 	23.52 	23.20 	19.19 	18.77 	17.95 
TOTAL,F,P_HTHAB,IE	: 	: 	4.95 	5.16 	5.26 	5.27 	5.30 	6.03 	5.42 	4.98 
TOTAL,F,P_HTHAB,IS	4.78 	4.84 	3.66 	1.85 	3.74 	8.17 	5.05 	5.07 	4.45 	6.47 
TOTAL,F,P_HTHAB,IT	8.08 	7.62 	7.05 	7.59 	9.04 	9.14 	9.16 	9.59 	9.04 	8.60 
TOTAL,F,P_HTHAB,LI	20.98 	21.09 	15.95 	21.36 	16.14 	16.28 	16.43 	27.59 	50.01 	: 
TOTAL,F,P_HTHAB,LT	21.55 	20.65 	18.79 	23.94 	26.82 	26.85 	25.34 	24.47 	21.46 	20.75 
TOTAL,F,P_HTHAB,LU	12.58 	6.25 	14.24 	9.47 	12.28 	11.79 	14.00 	9.10 	15.28 	13.92 
TOTAL,F,P_HTHAB,LV	27.60 	32.78 	33.31 	31.81 	31.62 	37.48 	36.92 	36.62 	34.35 	32.75 
TOTAL,F,P_HTHAB,ME	8.26 	11.45 	11.13 	9.86 	6.05 	16.88 	11.79 	18.80 	12.46 	6.40 
TOTAL,F,P_HTHAB,MK	6.86 	9.87 	: 	: 	: 	: 	4.87 	5.37 	5.38 	: 
TOTAL,F,P_HTHAB,MT	0.87 	16.52 	18.70 	17.37 	20.81 	22.40 	16.78 	16.36 	13.57 	: 
TOTAL,F,P_HTHAB,NL	6.93 	6.77 	5.85 	7.90 	8.14 	8.43 	9.38 	10.42 	10.76 	11.70 
TOTAL,F,P_HTHAB,NO	: 	9.43 	8.26 	8.03 	7.95 	9.97 	10.25 	9.09 	8.78 	8.08 
TOTAL,F,P_HTHAB,PL	15.22 	13.39 	13.15 	14.13 	14.10 	13.43 	12.51 	12.82 	12.34 	13.85 
TOTAL,F,P_HTHAB,PT	15.64 	: 	15.68 	15.27 	15.28 	13.75 	12.88 	11.38 	11.15 	: 
TOTAL,F,P_HTHAB,RO	11.15 	13.96 	14.20 	15.07 	15.20 	13.62 	12.33 	11.32 	11.38 	11.58 
TOTAL,F,P_HTHAB,RS	10.80 	11.49 	10.03 	10.14 	11.24 	6.48 	11.37 	11.38 	10.67 	9.20 
TOTAL,F,P_HTHAB,SE	6.99 	7.03 	6.71 	6.89 	6.89 	7.61 	8.25 	8.40 	8.04 	8.49 
TOTAL,F,P_HTHAB,SI	: 	9.99 	7.78 	8.56 	6.16 	6.74 	5.50 	5.13 	6.22 	5.76 
TOTAL,F,P_HTHAB,SK	25.72 	24.21 	22.71 	22.11 	21.23 	23.30 	22.33 	19.91 	17.66 	14.84 
TOTAL,F,P_HTHAB,TR	: 	21.34 	16.81 	15.23 	13.85 	12.20 	12.37 	11.50 	11.27 	: 
TOTAL,F,P_HTHAB,UKC-L	: 	13.01 	13.28 	13.45 	13.24 	14.27 	14.58 	14.87 	14.93 	15.85 
TOTAL,F,P_HTHAB,UKM	: 	: 	14.81 	15.48 	15.78 	15.55 	15.58 	14.22 	14.11 	15.33 
TOTAL,F,P_HTHAB,UKN	5.80 	5.08 	4.57 	6.20 	6.88 	5.50 	4.88 	5.01 	5.16 	5.42 
TOTAL,F,P_HTHAB,XK	: 	4.84 	: 	: 	: 	: 	5.17 	: 	: 	: 
TOTAL,M,NR,AL	5581 	5933 	5860 	5580 	4909 	4439 	4454 	4461 	4466 	2965 
TOTAL,M,NR,AT	8334 	8127 	8057 	8185 	8318 	8113 	8060 	7866 	7453 	: 
TOTAL,M,NR,BA	2310 	: 	2228 	2477 	2465 	: 	2193 	2161 	: 	: 
TOTAL,M,NR,BE	: 	: 	10355 	: 	11357 	10740 	10597 	10106 	9730 	9362 
TOTAL,M,NR,BG	6769 	7117 	7162 	7611 	8570 	9111 	9507 	9015 	8708 	9116 
TOTAL,M,NR,CH	6193 	6170 	6142 	6202 	6302 	5743 	5298 	5405 	5206 	5009 
TOTAL,M,NR,CY	558 	545 	515 	502 	523 	609 	571 	577 	519 	608 
TOTAL,M,NR,CZ	20442 	20838 	19433 	17488 	15686 	20994 	21485 	20410 	: 	: 
TOTAL,M,NR,DE	: 	: 	59411 	59589 	62424 	64590 	65616 	66982 	68438 	: 
TOTAL,M,NR,DK	3282 	3258 	3085 	3438 	3902 	3673 	3774 	3743 	3523 	: 
TOTAL,M,NR,EE	2582 	2686 	2668 	: 	2967 	3088 	3190 	3157 	3371 	3275 
TOTAL,M,NR,EL	9460 	9035 	9125 	11226 	12033 	11318 	11330 	11204 	10300 	11541 
TOTAL,M,NR,ES	53184 	53971 	55737 	58798 	60404 	60827 	63108 	65951 	70003 	: 
TOTAL,M,NR,FI	2848 	2930 	2898 	2908 	3039 	3000 	2969 	3046 	3249 	3306 
TOTAL,M,NR,FR	66581 	66167 	64531 	64162 	64914 	63668 	61908 	57929 	58288 	: 
TOTAL,M,NR,HR	2985 	2985 	3177 	3573 	4158 	4471 	4784 	4898 	: 	: 
TOTAL,M,NR,HU	16067 	16361 	16199 	16541 	16485 	15440 	15470 	14758 	13931 	13796 
TOTAL,M,NR,IE	: 	: 	3094 	3096 	3596 	3569 	3575 	3560 	3690 	3359 
TOTAL,M,NR,IS	123 	116 	140 	151 	141 	139 	140 	159 	136 	130 
TOTAL,M,NR,IT	56522 	53599 	51203 	52371 	61063 	62897 	64089 	65031 	62040 	56683 
TOTAL,M,NR,LI	69 	68 	50 	49 	65 	57 	68 	70 	149 	: 
TOTAL,M,NR,LT	6268 	6493 	7059 	8256 	8831 	9182 	9373 	8567 	8100 	7642 
TOTAL,M,NR,LU	647 	688 	651 	600 	623 	634 	594 	651 	659 	728 
TOTAL,M,NR,LV	3474 	3894 	4051 	4400 	4789 	5646 	6077 	6271 	6504 	6209 
TOTAL,M,NR,ME	1093 	1087 	1096 	1092 	1045 	1269 	1282 	1391 	1451 	: 
TOTAL,M,NR,MK	2710 	3129 	: 	: 	: 	: 	2162 	2160 	2160 	: 
TOTAL,M,NR,MT	16 	516 	528 	544 	571 	506 	521 	516 	437 	: 
TOTAL,M,NR,NL	10278 	10021 	10351 	11263 	12031 	12216 	12631 	12841 	12794 	13640 
TOTAL,M,NR,NO	: 	3875 	3782 	3844 	3636 	3720 	3556 	3270 	3043 	3227 
TOTAL,M,NR,PL	71497 	69567 	70116 	76574 	77396 	78668 	76011 	75007 	77745 	82248 
TOTAL,M,NR,PT	12402 	: 	13152 	12925 	13143 	12856 	11970 	10986 	10486 	: 
TOTAL,M,NR,RO	22330 	26044 	26891 	28619 	31875 	29968 	28889 	26538 	25052 	24986 
TOTAL,M,NR,RS	10417 	10255 	9698 	9916 	9617 	9754 	10371 	10535 	10297 	9353 
TOTAL,M,NR,SE	5365 	5312 	5364 	5474 	5393 	5922 	6272 	6437 	: 	: 
TOTAL,M,NR,SI	: 	1204 	1318 	1433 	1296 	1306 	1207 	1291 	1297 	: 
TOTAL,M,NR,SK	9312 	9322 	9282 	9406 	9164 	10067 	9775 	9340 	8671 	: 
TOTAL,M,NR,TR	: 	192354 	171748 	153579 	140249 	129181 	121731 	114551 	109648 	: 
TOTAL,M,NR,UKC-L	: 	79772 	80563 	79777 	78069 	79520 	78702 	78151 	75533 	77265 
TOTAL,M,NR,UKM	: 	: 	7336 	7306 	7461 	6941 	6974 	6602 	6561 	7415 
TOTAL,M,NR,UKN	1356 	1359 	1404 	1651 	1732 	1631 	1624 	1402 	1460 	1499 
TOTAL,M,NR,XK	1570 	1605 	1436 	1795 	1719 	1634 	1352 	: 	: 	: 
TOTAL,M,P_HTHAB,AL	383.96 	205.58 	202.61 	192.68 	: 	: 	330.28 	: 	287.20 	186.64 
TOTAL,M,P_HTHAB,AT	193.25 	190.53 	192.06 	196.96 	201.72 	197.97 	197.60 	193.45 	183.71 	: 
TOTAL,M,P_HTHAB,BA	: 	: 	: 	: 	: 	: 	116.81 	115.07 	: 	: 
TOTAL,M,P_HTHAB,BE	: 	: 	187.45 	: 	206.96 	197.00 	196.18 	190.24 	184.68 	179.20 
TOTAL,M,P_HTHAB,BG	196.20 	204.68 	204.51 	215.92 	241.74 	255.44 	264.90 	249.45 	239.50 	249.05 
TOTAL,M,P_HTHAB,CH	148.39 	149.70 	150.77 	154.20 	158.80 	146.42 	136.64 	141.10 	137.48 	134.40 
TOTAL,M,P_HTHAB,CY	133.92 	132.06 	125.05 	120.23 	124.22 	145.35 	139.69 	144.39 	133.10 	159.81 
TOTAL,M,P_HTHAB,CZ	393.06 	401.79 	375.38 	338.76 	303.74 	407.00 	417.41 	397.38 	: 	: 
TOTAL,M,P_HTHAB,DE	: 	: 	149.14 	150.64 	158.51 	164.64 	167.71 	167.02 	170.31 	: 
TOTAL,M,P_HTHAB,DK	114.75 	114.80 	109.75 	123.13 	140.42 	132.75 	136.91 	136.44 	128.95 	: 
TOTAL,M,P_HTHAB,EE	418.11 	435.54 	434.03 	: 	481.53 	499.56 	514.77 	508.54 	542.55 	526.49 
TOTAL,M,P_HTHAB,EL	181.18 	172.94 	173.20 	211.28 	224.23 	208.67 	207.76 	205.17 	188.78 	209.88 
TOTAL,M,P_HTHAB,ES	232.91 	236.64 	244.18 	257.01 	262.42 	263.33 	273.79 	286.96 	305.95 	: 
TOTAL,M,P_HTHAB,FI	105.00 	108.46 	107.66 	108.49 	113.96 	113.10 	112.53 	116.04 	124.40 	127.31 
TOTAL,M,P_HTHAB,FR	206.01 	204.60 	200.38 	200.90 	204.31 	201.45 	196.77 	185.07 	187.13 	2.1 
TOTAL,M,P_HTHAB,HR	148.86 	147.57 	155.79 	174.31 	202.19 	216.80 	231.25 	236.09 	: 	: 
TOTAL,M,P_HTHAB,HU	343.66 	348.96 	344.97 	351.68 	349.56 	326.80 	326.10 	310.24 	292.48 	289.25 
TOTAL,M,P_HTHAB,IE	: 	: 	135.28 	135.90 	158.22 	157.24 	157.53 	157.45 	163.81 	150.85 
TOTAL,M,P_HTHAB,IS	71.92 	69.35 	84.75 	92.46 	87.34 	86.68 	87.50 	99.41 	83.92 	80.80 
TOTAL,M,P_HTHAB,IT	191.95 	181.96 	173.56 	177.62 	211.37 	218.95 	223.19 	226.99 	217.15 	199.51 
TOTAL,M,P_HTHAB,LI	368.08 	364.42 	269.50 	266.30 	356.22 	315.93 	380.19 	393.94 	847.02 	: 
TOTAL,M,P_HTHAB,LT	477.68 	488.34 	524.34 	608.85 	645.12 	663.67 	666.06 	590.75 	549.77 	513.78 
TOTAL,M,P_HTHAB,LU	218.11 	119.39 	230.87 	218.09 	232.11 	242.15 	233.29 	261.02 	269.16 	303.83 
TOTAL,M,P_HTHAB,LV	387.86 	430.61 	444.58 	479.80 	516.85 	603.97 	641.08 	645.87 	655.22 	616.56 
TOTAL,M,P_HTHAB,ME	355.16 	353.23 	356.40 	355.52 	340.61 	414.22 	418.78 	455.73 	477.17 	: 
TOTAL,M,P_HTHAB,MK	260.92 	301.56 	: 	: 	: 	: 	209.72 	209.95 	210.36 	6.05 
TOTAL,M,P_HTHAB,MT	6.91 	227.92 	239.47 	256.09 	272.06 	243.63 	252.42 	250.24 	213.58 	: 
TOTAL,M,P_HTHAB,NL	121.27 	119.05 	123.63 	135.14 	144.82 	147.49 	153.22 	156.53 	156.86 	168.14 
TOTAL,M,P_HTHAB,NO	: 	147.70 	145.51 	149.75 	143.38 	148.87 	144.50 	134.75 	127.05 	136.76 
TOTAL,M,P_HTHAB,PL	389.04 	378.55 	381.12 	416.07 	420.03 	426.91 	412.44 	407.38 	422.18 	446.72 
TOTAL,M,P_HTHAB,PT	254.01 	: 	267.12 	260.69 	263.09 	255.56 	236.86 	216.95 	206.98 	: 
TOTAL,M,P_HTHAB,RO	232.54 	269.89 	277.02 	293.65 	326.54 	306.51 	277.15 	253.93 	251.73 	248.64 
TOTAL,M,P_HTHAB,RS	303.79 	297.57 	279.93 	284.95 	275.01 	277.54 	293.72 	296.46 	288.71 	261.18 
TOTAL,M,P_HTHAB,SE	107.01 	107.73 	110.09 	113.70 	113.16 	125.28 	133.72 	138.46 	: 	: 
TOTAL,M,P_HTHAB,SI	: 	117.65 	128.93 	140.37 	127.18 	128.45 	118.97 	127.30 	129.19 	: 
TOTAL,M,P_HTHAB,SK	351.17 	352.29 	351.28 	356.41 	347.65 	382.52 	372.36 	356.01 	331.16 	: 
TOTAL,M,P_HTHAB,TR	: 	486.83 	440.56 	399.18 	369.50 	344.18 	328.62 	314.16 	305.42 	: 
TOTAL,M,P_HTHAB,UKC-L	: 	277.96 	283.29 	283.20 	279.35 	286.65 	286.13 	286.82 	279.56 	288.39 
TOTAL,M,P_HTHAB,UKM	: 	: 	281.97 	281.92 	288.99 	269.70 	272.52 	259.94 	260.01 	295.92 
TOTAL,M,P_HTHAB,UKN	147.75 	148.89 	154.82 	183.15 	193.34 	182.86 	183.11 	159.04 	166.90 	172.97 
TOTAL,M,P_HTHAB,XK	: 	181.71 	: 	: 	: 	: 	149.51 	: 	: 	: 
TOTAL,T,NR,AL	5674 	6031 	5981 	5689 	4998 	4618 	4659 	4657 	4667 	4916 
TOTAL,T,NR,AT	8852 	8619 	8665 	8692 	8862 	8805 	8770 	8540 	8708 	8248 
TOTAL,T,NR,BA	2820 	2832 	2730 	2825 	2898 	: 	2757 	2743 	: 	: 
TOTAL,T,NR,BE	: 	: 	10994 	: 	11818 	11183 	11040 	10526 	10126 	9811 
TOTAL,T,NR,BG	6988 	7345 	7408 	7870 	8834 	9493 	9885 	9379 	9006 	9408 
TOTAL,T,NR,CH	6564 	6541 	6498 	6519 	6652 	6102 	5626 	5765 	5605 	5303 
TOTAL,T,NR,CY	592 	586 	547 	532 	553 	678 	622 	636 	578 	652 
TOTAL,T,NR,CZ	22159 	22481 	20866 	18658 	16645 	22644 	23170 	21900 	21853 	20502 
TOTAL,T,NR,DE	65841 	64291 	63020 	63228 	66221 	68533 	69543 	70827 	72295 	73793 
TOTAL,T,NR,DK	3418 	3408 	3203 	3583 	4091 	3829 	3947 	3944 	3721 	3451 
TOTAL,T,NR,EE	2723 	2864 	2823 	3034 	3123 	3286 	3400 	3393 	3555 	3656 
TOTAL,T,NR,EL	10011 	9560 	9611 	11798 	12693 	12475 	12479 	12349 	11364 	11736 
TOTAL,T,NR,ES	58814 	59589 	61614 	65017 	66765 	68597 	70472 	73929 	76079 	73558 
TOTAL,T,NR,FI	3082 	3156 	3135 	3148 	3295 	3306 	3268 	3364 	3589 	3530 
TOTAL,T,NR,FR	68974 	68432 	66678 	66270 	67075 	66572 	64787 	60544 	60978 	62252 
TOTAL,T,NR,HR	3108 	3108 	3341 	3763 	4352 	4741 	5084 	5165 	4891 	4734 
TOTAL,T,NR,HU	17343 	17658 	17449 	17890 	17841 	17179 	17210 	16328 	15432 	14743 
TOTAL,T,NR,IE	3680 	3716 	3755 	3777 	4088 	4287 	4216 	4318 	3868 	3484 
TOTAL,T,NR,IS	131 	124 	146 	154 	147 	153 	150 	167 	148 	140 
TOTAL,T,NR,IT	59038 	55978 	53410 	54745 	63848 	67102 	68325 	69263 	65598 	59284 
TOTAL,T,NR,LI	73 	72 	53 	53 	68 	60 	71 	76 	149 	78 
TOTAL,T,NR,LT	6599 	6815 	7355 	8636 	9261 	9729 	9920 	9139 	8655 	8000 
TOTAL,T,NR,LU	684 	724 	691 	626 	656 	666 	637 	681 	702 	762 
TOTAL,T,NR,LV	3765 	4243 	4409 	4745 	5136 	6117 	6561 	6780 	7055 	6548 
TOTAL,T,NR,ME	1119 	1123 	1131 	1123 	1064 	1331 	1328 	1457 	1499 	1216 
TOTAL,T,NR,MK	3031 	3231 	: 	: 	: 	: 	: 	: 	: 	: 
TOTAL,T,NR,MT	591 	553 	569 	581 	615 	585 	584 	584 	494 	662 
TOTAL,T,NR,NL	10874 	10601 	10850 	11934 	12721 	13473 	13969 	14368 	14364 	14610 
TOTAL,T,NR,NO	: 	4192 	4056 	4103 	3869 	4052 	3866 	3564 	3340 	3477 
TOTAL,T,NR,PL	74480 	72209 	72695 	79345 	80165 	85459 	82832 	82372 	85749 	84978 
TOTAL,T,NR,PT	13587 	13917 	14373 	14198 	14535 	13875 	12955 	11839 	11287 	10807 
TOTAL,T,NR,RO	23450 	27455 	28334 	30156 	33434 	31817 	30694 	28244 	26716 	26212 
TOTAL,T,NR,RS	10807 	10672 	10064 	10288 	10031 	10226 	11070 	11211 	10975 	9701 
TOTAL,T,NR,SE	5713 	5658 	5691 	5807 	5723 	6296 	6669 	6846 	7286 	7073 
TOTAL,T,NR,SI	: 	1308 	1399 	1522 	1360 	1377 	1273 	1351 	1365 	1318 
TOTAL,T,NR,SK	10028 	9995 	9913 	10020 	9753 	10850 	10525 	10031 	9316 	8166 
TOTAL,T,NR,TR	: 	200727 	178257 	159397 	145468 	136020 	128604 	120814 	116340 	: 
TOTAL,T,NR,UKC-L	: 	83604 	84444 	83678 	81884 	84886 	84428 	84004 	81836 	81674 
TOTAL,T,NR,UKM	7436.47058823529 	7579.07547169811 	7744 	7731 	7894 	8057 	8178 	7853 	7964 	7827 
TOTAL,T,NR,UKN	1411 	1407 	1447 	1709 	1796 	1682 	1673 	1465 	1525 	1543 
TOTAL,T,NR,XK	1609 	1648 	1478 	1854 	1776 	1737 	1441 	: 	: 	: 
TOTAL,T,P_HTHAB,AL	197.25 	208.97 	206.79 	196.45 	: 	: 	164.53 	: 	146.54 	155.08 
TOTAL,T,P_HTHAB,AT	100.90 	99.18 	101.03 	102.18 	104.85 	104.72 	104.71 	102.26 	104.48 	99.28 
TOTAL,T,P_HTHAB,BA	: 	: 	: 	: 	: 	: 	71.74 	71.36 	: 	: 
TOTAL,T,P_HTHAB,BE	: 	: 	97.84 	: 	105.88 	100.79 	100.36 	97.10 	94.17 	91.98 
TOTAL,T,P_HTHAB,BG	98.40 	102.67 	102.86 	108.62 	121.27 	129.56 	134.14 	126.37 	120.61 	125.14 
TOTAL,T,P_HTHAB,CH	77.96 	78.55 	78.88 	80.09 	82.75 	76.71 	71.49 	74.04 	72.77 	69.84 
TOTAL,T,P_HTHAB,CY	69.26 	69.08 	64.58 	62.00 	63.87 	78.65 	74.07 	77.64 	72.53 	83.98 
TOTAL,T,P_HTHAB,CZ	209.47 	213.01 	198.00 	177.49 	158.28 	215.55 	220.95 	209.33 	209.61 	198.21 
TOTAL,T,P_HTHAB,DE	79.79 	78.24 	77.61 	78.28 	82.24 	85.32 	86.69 	86.58 	88.16 	89.75 
TOTAL,T,P_HTHAB,DK	59.46 	59.71 	56.59 	63.67 	73.02 	68.61 	70.98 	71.26 	67.51 	63.02 
TOTAL,T,P_HTHAB,EE	206.97 	217.64 	214.70 	230.58 	228.98 	247.96 	255.70 	254.48 	266.14 	273.15 
TOTAL,T,P_HTHAB,EL	92.97 	88.65 	88.52 	107.97 	115.35 	112.53 	112.19 	111.06 	102.43 	110.13 
TOTAL,T,P_HTHAB,ES	126.41 	128.31 	132.65 	139.78 	142.88 	146.52 	151.01 	159.03 	164.53 	161.07 
TOTAL,T,P_HTHAB,FI	56.00 	57.51 	57.29 	57.75 	60.72 	61.21 	60.80 	62.86 	67.38 	66.60 
TOTAL,T,P_HTHAB,FR	103.25 	102.50 	100.29 	100.50 	102.25 	101.98 	99.70 	93.64 	94.76 	97.26 
TOTAL,T,P_HTHAB,HR	74.82 	74.16 	79.07 	88.61 	102.11 	110.88 	118.51 	120.04 	113.49 	109.79 
TOTAL,T,P_HTHAB,HU	177.01 	179.62 	177.05 	181.12 	180.05 	172.97 	172.35 	163.05 	153.84 	146.76 
TOTAL,T,P_HTHAB,IE	76.92 	78.65 	81.12 	82.01 	89.04 	93.55 	92.24 	94.91 	85.55 	78.16 
TOTAL,T,P_HTHAB,IS	38.72 	37.29 	44.36 	47.29 	45.67 	47.88 	47.10 	52.58 	46.34 	44.38 
TOTAL,T,P_HTHAB,IT	97.44 	92.27 	87.85 	90.07 	106.97 	112.98 	115.09 	117.02 	111.18 	101.08 
TOTAL,T,P_HTHAB,LI	193.07 	191.38 	141.84 	142.75 	184.59 	164.50 	196.41 	211.73 	418.67 	220.61 
TOTAL,T,P_HTHAB,LT	231.71 	235.93 	251.77 	293.40 	311.62 	323.91 	324.97 	290.87 	271.84 	249.02 
TOTAL,T,P_HTHAB,LU	115.80 	125.64 	122.74 	113.88 	122.15 	126.89 	124.45 	135.64 	142.25 	157.50 
TOTAL,T,P_HTHAB,LV	193.07 	215.49 	221.99 	237.08 	253.78 	299.15 	316.25 	319.74 	326.19 	298.75 
TOTAL,T,P_HTHAB,ME	179.79 	180.48 	181.80 	180.69 	171.37 	214.57 	214.25 	235.38 	242.89 	197.55 
TOTAL,T,P_HTHAB,MK	146.16 	155.99 	: 	: 	: 	: 	: 	: 	: 	: 
TOTAL,T,P_HTHAB,MT	128.40 	122.78 	129.41 	136.58 	145.95 	140.10 	140.73 	141.05 	120.22 	162.32 
TOTAL,T,P_HTHAB,NL	63.66 	62.44 	64.20 	70.91 	75.81 	80.53 	83.87 	86.68 	87.13 	89.06 
TOTAL,T,P_HTHAB,NO	: 	80.45 	78.51 	80.33 	76.59 	81.27 	78.57 	73.36 	69.59 	73.40 
TOTAL,T,P_HTHAB,PL	196.14 	190.19 	191.27 	208.70 	210.61 	224.52 	217.62 	216.64 	224.85 	222.95 
TOTAL,T,P_HTHAB,PT	131.79 	134.58 	138.54 	136.16 	138.60 	131.61 	122.53 	111.97 	106.85 	102.40 
TOTAL,T,P_HTHAB,RO	119.37 	138.94 	142.59 	151.18 	167.00 	158.33 	143.34 	131.60 	130.70 	127.02 
TOTAL,T,P_HTHAB,RS	153.50 	150.81 	141.46 	143.95 	139.68 	141.70 	152.66 	153.44 	149.63 	131.71 
TOTAL,T,P_HTHAB,SE	57.16 	57.44 	58.39 	60.21 	59.89 	66.39 	70.83 	73.29 	78.71 	77.02 
TOTAL,T,P_HTHAB,SI	: 	63.37 	67.82 	73.84 	66.06 	66.99 	62.09 	66.00 	67.16 	65.56 
TOTAL,T,P_HTHAB,SK	184.50 	184.20 	182.85 	185.01 	180.25 	200.77 	195.18 	186.09 	173.08 	151.90 
TOTAL,T,P_HTHAB,TR	: 	254.92 	229.43 	207.91 	192.35 	182.03 	174.44 	166.50 	162.67 	: 
TOTAL,T,P_HTHAB,UKC-L	: 	143.78 	146.42 	146.35 	144.27 	150.59 	150.95 	151.46 	148.69 	149.54 
TOTAL,T,P_HTHAB,UKM	137.34 	140.64 	144.57 	144.84 	148.38 	151.84 	154.87 	149.68 	152.66 	150.93 
TOTAL,T,P_HTHAB,UKN	75.59 	75.70 	78.34 	93.02 	98.32 	92.47 	92.45 	81.43 	85.38 	87.16 
TOTAL,T,P_HTHAB,XK	: 	93.02 	: 	: 	: 	: 	80.32 	: 	: 	: 
